"post_id (S)","epoch_time (N)","content (S)","sentiment (N)","time (S)"
"002fc9270d457e6c65bc62ead512acfd","1583758899","Mua c√°i n√†y ƒëc cc g√¨ v·∫≠y ae ?","-1","1583758899"
"002fc9270d457e6c65bc62ead512acfd","1583758904","pr m·ª•c d·ªØ ha ai ch·∫≥ng c√≥ 2 con m·∫Øt","-1","1583758904"
"002fc9270d457e6c65bc62ead512acfd","1583758954","Gi·∫£m ƒë·ªô kh√≥ neeko ƒëi ad ∆°i =(((( n√¢ng c·∫•p th·∫ø n√†y l√¢u vl =((","1","1583758954"
"002fc9270d457e6c65bc62ead512acfd","1583759028","C≈©ng th√≠ch th·∫ßn h·ªèa l·∫Øm m√† h·ªïng c√≥ ti·ªÅn ._.","1","1583759028"
"002fc9270d457e6c65bc62ead512acfd","1583759085","Tui mua 2 b·ªô sao v√†o game n√≥ hi·ªán l√™n b·ªô c∆° b·∫£n v·∫≠y m·ªçi ng∆∞·ªùi","-1","1583759085"
"002fc9270d457e6c65bc62ead512acfd","1583759090","Th·∫ø cho ti·ªÅn mua ƒëi :))","-1","1583759090"
"002fc9270d457e6c65bc62ead512acfd","1583759101","Ai ch∆∞a c√≥ mua ƒëi·ªÉm danh","-1","1583759101"
"002fc9270d457e6c65bc62ead512acfd","1583759153","Mua tr·ªçn h·∫øt th·∫ßn h·ªèa c√°c t∆∞·ªõng","-1","1583759153"
"002fc9270d457e6c65bc62ead512acfd","1583759210","üî• Chi ti·∫øt v·ªÅ Th·∫ßn H·ªèa: http://bit.ly/ThanHoa
üî• C√¢u h·ªèi th∆∞·ªùng g·∫∑p: http://bit.ly/ThanHoaFAQ
üî• Tra c·ª©u Th·∫ßn Ho·∫£: https://thanhoa.lienminh.garena.vn/tra-cuu/","-1","1583759210"
"002fc9270d457e6c65bc62ead512acfd","1583759211","Mua g√≥i s·∫Ω l·ªùi h∆°n =))","1","1583759211"
"002fc9270d457e6c65bc62ead512acfd","1583759330","Ph·∫£i chi m√¨nh mua ƒë∆∞·ª£c trong l√∫c ch·ªçn t∆∞·ªõng tr∆∞·ªõc khi v√¥ tr·∫≠n","-1","1583759330"
"002fc9270d457e6c65bc62ead512acfd","1583759617","K ai mua ƒë√¢u :)","-1","1583759617"
"002fc9270d457e6c65bc62ead512acfd","1583759756","n·∫øu m√¨nh ch·ªâ mua b·ªô kh·ªüi ƒë·∫ßu v√† c√†y c√°c m·ªëc th√¨ m√¨nh c√≥ ƒë∆∞·ª£c n√¢ng c·∫•p bi·ªÉu c·∫£m th√¥ng th·∫°o kh√¥ng v·∫≠y??","-1","1583759756"
"002fc9270d457e6c65bc62ead512acfd","1583759775","B·ªè ti·ªÅn ra ƒë·ªÉ thu√™ ng∆∞·ªùi ƒë·∫øm xem m√¨nh ƒë√£ ƒÉn ƒë∆∞·ª£c bao nhi√™u b√°t c∆°m, u·ªëng bao nhi√™u c·ªëc n∆∞·ªõc...th·∫≠t ba ch·∫•m ( tr√≠ch XTV )","-1","1583759775"
"002fc9270d457e6c65bc62ead512acfd","1583759842","Ad cho minh h·ªèi. Phi√™n ban m·ªõi nh·∫•t m√¨nh cap nh·∫°t ve m√°y r√≤i. C√†i xong sao v√†o tran choi ko ƒëc. Man h√¨nh c·ª© ƒë√≤i k·∫øt n·ªëi l·∫°i l√† sao","-1","1583759842"
"002fc9270d457e6c65bc62ead512acfd","1583759909","Mua th·∫ßn ho·∫£ c√≥ t√°c d·ª•ng v·∫≠y c√°c b√°c , em t·ªëi c·ªï l·∫Øm hay mua d√πng ƒë·ªÉ khoe","1","1583759909"
"002fc9270d457e6c65bc62ead512acfd","1583760061","C√≥ c√°ch n√†o kh√¥ng t·ªën rp kh√¥ng :v ch·ª© c√°ch mua th√¨ bi·∫øt d·ªìi ƒë√≥","-1","1583760061"
"002fc9270d457e6c65bc62ead512acfd","1583760236","T√≠nh mua nh∆∞ng em tui ƒë·ªïi m·∫π mk laptop :))","-1","1583760236"
"002fc9270d457e6c65bc62ead512acfd","1583760362","ƒë·ªÉ ti·ªÅn mua kh·∫©u trang ƒëi","-1","1583760362"
"002fc9270d457e6c65bc62ead512acfd","1583760552","m·ªçi ng∆∞·ªùi cho m√¨nh h·ªèi ng·ªçc nh√°nh √°p ƒë·∫£o ƒëang b·ªã l·ªói ph·∫£i k m√¨nh k d√πng ƒë∆∞·ª£c ng·ªçc ·ªü nh√°nh n√†y","-1","1583760552"
"002fc9270d457e6c65bc62ead512acfd","1583760555","Minh T√¢n","-1","1583760555"
"002fc9270d457e6c65bc62ead512acfd","1583760930","V l√† sao ad","0","1583760930"
"002fc9270d457e6c65bc62ead512acfd","1583761193","Nh·∫£m nh√≠ v√† t·ªën rp","-1","1583761193"
"002fc9270d457e6c65bc62ead512acfd","1583761228","1 t∆∞·ªõng 2k5 thl m√† h∆°n 100 t∆∞·ªõng c√≥ h∆°n 14k :>","-1","1583761228"
"002fc9270d457e6c65bc62ead512acfd","1583761346","Ae cho h·ªèi l√∫c n·∫°p th·∫ª bthg ch·ªâ c√≥ m√£ n·∫°p sao gi·ªù c√≥ th√™m c√°i s·ªë th·∫ª garena l√† g√¨ nh·ªâ?","-1","1583761346"
"002fc9270d457e6c65bc62ead512acfd","1583761358","ƒë·∫Øt nh∆∞ qu·ª∑","0","1583761358"
"002fc9270d457e6c65bc62ead512acfd","1583761556","Th·∫ßn c√°i ƒë·ªãt m·∫π m tr·∫£ h·ªô c√°i khung c√°i","-1","1583761556"
"002fc9270d457e6c65bc62ead512acfd","1583762415","Cho m h·ªèi mua c√°i n√†y t√°c d·ª•ng j k.t·ªën tinh hoa","-1","1583762415"
"002fc9270d457e6c65bc62ead512acfd","1583762417","1 pha g√°y kh√©t...","0","1583762417"
"002fc9270d457e6c65bc62ead512acfd","1583762511","ad n√™n b√°n combo th·∫ßn h·ªèa theo v·ªã tr√≠ s·∫Ω c√≥ nhi·ªÅu ng∆∞·ªùi mua h∆°n ƒë√≥ ch·ª© b√°n combo full t∆∞·ªõng th·∫ø n√†y th√¨ gi√° h∆°i ch√°t qu√°","0","1583762511"
"002fc9270d457e6c65bc62ead512acfd","1583762529","L√†m v·ªÅ lux ƒëi ad","-1","1583762529"
"002fc9270d457e6c65bc62ead512acfd","1583762598","C√°i ƒë·∫ßu ti√™n ph·∫£i l√† ""tao ƒëang trong alpha""","0","1583762598"
"002fc9270d457e6c65bc62ead512acfd","1583762610","Th·∫ßn h·ªèa ch·ªâ ƒë·ªÉ khoe v·∫≠y th√¥i ch·ª© c√≥ tƒÉng s·ª©c m·∫°nh g√¨ trong game ko c√°c bro","-1","1583762610"
"002fc9270d457e6c65bc62ead512acfd","1583762611","C√°i n√†y c√≥ ·∫£nh h∆∞·ªüng t·ªõi ch·ªâ s·ªë trong tr·∫≠n rank k ae","-1","1583762611"
"002fc9270d457e6c65bc62ead512acfd","1583762618","._. Sao con n√†y m·∫•y nƒÉm r·ªìi ko b√°n ƒëa s·∫Øc m√πa ƒë√¥ng v·∫≠y","1","1583762618"
"002fc9270d457e6c65bc62ead512acfd","1583762626","ch√©m chu·ªëi","1","1583762626"
"002fc9270d457e6c65bc62ead512acfd","1583762629","Mn cho m√¨nh h·ªèi l√† m√¨nh mua th·∫ßn ho·∫£ rp trc xong mua th·∫ßn ho·∫£ tinh hoa lam l√† ƒëc b·ªô 1 v√† b·ªô kh·ªüi ƒë·∫ßu th√¨ c√≥ 2 b·ªô th√¨ n√≥ hi·ªán b·ªô n√†o v·∫≠y","-1","1583762629"
"002fc9270d457e6c65bc62ead512acfd","1583762658","·∫¢nh tuy·ªát k·ªπ alpha sai k√¨a","1","1583762658"
"002fc9270d457e6c65bc62ead512acfd","1583762689","AD cho em h·ªèi
L√†m sao ƒë·ªÉ n√≥ hi·ªán Th·∫ßn H·ªèa B·ªô 1 ·ªü h√†ng ch·ªù ·∫°.","1","1583762689"
"002fc9270d457e6c65bc62ead512acfd","1583762703","C√≥ pyke k ad","0","1583762703"
"002fc9270d457e6c65bc62ead512acfd","1583762709","C√°i n√†y ·ªü ch·ªó ƒë√©o n√†o m√† l·ª•c m√£i ƒë√©o ra ƒë·ªÉ l√†m l·∫°i üôÇ","-1","1583762709"
"002fc9270d457e6c65bc62ead512acfd","1583762715","üî• Chi ti·∫øt v·ªÅ Th·∫ßn H·ªèa: http://bit.ly/ThanHoa
üî• C√¢u h·ªèi th∆∞·ªùng g·∫∑p: http://bit.ly/ThanHoaFAQ
üî• Tra c·ª©u Th·∫ßn Ho·∫£: https://thanhoa.lienminh.garena.vn/tra-cuu/","-1","1583762715"
"002fc9270d457e6c65bc62ead512acfd","1583762716","Q r·ªìi ch√©m ch√©m, nghe gi·ªëng m√πi l∆∞·ªõt r·ªìi ch·ªçc ch·ªçc üòÇ üòÇ","0","1583762716"
"002fc9270d457e6c65bc62ead512acfd","1583762722","nh√† ngh√®o hic","1","1583762722"
"002fc9270d457e6c65bc62ead512acfd","1583762770","L√†m xayah ƒëi ad","-1","1583762770"
"002fc9270d457e6c65bc62ead512acfd","1583762783","L√†m ys ƒë√™","-1","1583762783"
"002fc9270d457e6c65bc62ead512acfd","1583762801","m·∫•y nƒÉm tr∆∞·ªõc xem ƒë∆∞·ª£c th√†nh t·ª±u m√† gi·ªù ph·∫£i mua m·ªõi dc :)))","-1","1583762801"
"002fc9270d457e6c65bc62ead512acfd","1583762805","Nguy·ªÖn Cao ƒê·∫≥ng Pig b·ªô s∆∞u t·∫≠p, ch·ªçn t∆∞·ªõng","1","1583762805"
"002fc9270d457e6c65bc62ead512acfd","1583762808","Nguy·ªÖn Na C·ª•c c∆∞ng s·∫Ω c√≥ nh√©!","1","1583762808"
"002fc9270d457e6c65bc62ead512acfd","1583762828","Nguy·ªÖn VƒÉn L·ª£i S·∫Ω c√≥ nha!","1","1583762828"
"002fc9270d457e6c65bc62ead512acfd","1583762849","Minh Nh√≠ oh v·∫≠y h·∫£ c·∫£m ∆°n qu√™ nh√© üôÇ","1","1583762849"
"002fc9270d457e6c65bc62ead512acfd","1583762864","M·ªü r·ªìi ƒëi·ªÉm danh ƒë√™ ae ∆°iiii :)))","-1","1583762864"
"002fc9270d457e6c65bc62ead512acfd","1583762892","Nguy·ªÖn Cao ƒê·∫≥ng Pig auke ƒë·ªìng ch√≠","0","1583762892"
"002fc9270d457e6c65bc62ead512acfd","1583762935","L√†m v·ªÅ Jax ƒëi","-1","1583762935"
"002fc9270d457e6c65bc62ead512acfd","1583762979","Ngon ƒë·∫•y
Mai mua","1","1583762979"
"002fc9270d457e6c65bc62ead512acfd","1583762998","c√°i n√†y c√≥ t√°c d·ª•ng g√¨ aer","-1","1583762998"
"002fc9270d457e6c65bc62ead512acfd","1583763012","Trong khi ƒë√≥ t v·∫´n k·∫πt l·∫°i kh√∫c ""I was in alpha","-1","1583763012"
"002fc9270d457e6c65bc62ead512acfd","1583763097","Fizz ƒëi ad","-1","1583763097"
"002fc9270d457e6c65bc62ead512acfd","1583763464","Nguy·ªÖn Cao ƒê·∫≥ng Pig ƒë√¢y bro ∆°i","0","1583763464"
"002fc9270d457e6c65bc62ead512acfd","1583763493","·∫¢nh tuy·ªát kƒ© h∆°i toang nh·ªâ","1","1583763493"
"002fc9270d457e6c65bc62ead512acfd","1583763510","Li√™n Minh Huy·ªÅn Tho·∫°i ok c·∫£m li√™n minh ht nh√© üôÇ","1","1583763510"
"002fc9270d457e6c65bc62ead512acfd","1583763513","Quoc Anhh B·∫°n tick v√†o √¥ng sao s√°ng b√™n ph·∫£i t√™n Th·∫ßn Ho·∫£ ƒë·ªÉ ch·ªçn nha!","0","1583763513"
"002fc9270d457e6c65bc62ead512acfd","1583763616","Cowsep th√≠ch ƒëi·ªÅu n√†y v√† t√¥i c≈©ng v·∫≠y.","1","1583763616"
"002fc9270d457e6c65bc62ead512acfd","1583763730","cho em h·ªèi ngu c√°i t√°c d·ª•ng c·ªßa c√°i n√†y l√† g√¨ v·∫≠y","-1","1583763730"
"002fc9270d457e6c65bc62ead512acfd","1583764337","Hai Nguyen tu·ª≥ ch·ªânh ƒë∆∞·ª£c nh√©","1","1583764337"
"002fc9270d457e6c65bc62ead512acfd","1583764396","Hai Nguyen b·ªô n√†o c√≥ ch·ªâ s·ªë cao h∆°n th√¨ n√≥ hi·ªán b·ªô ƒë√≥ th√¥i b·∫°n","-1","1583764396"
"002fc9270d457e6c65bc62ead512acfd","1583764422","T t∆∞·ªüng ƒë·∫Øt l√†m 1 c·ªß v√†o n√†o ng·ªù c√≥ 500k","0","1583764422"
"002fc9270d457e6c65bc62ead512acfd","1583764438","Trung Nguy·ªÖn thank b·∫°n","1","1583764438"
"002fc9270d457e6c65bc62ead512acfd","1583764524","M·ªõi s·∫Øp th√¥i","0","1583764524"
"002fc9270d457e6c65bc62ead512acfd","1583764747","L√†m l·∫°i ·∫£nh chi√™u Q √†","1","1583764747"
"002fc9270d457e6c65bc62ead512acfd","1583764880","c√°i n√†y ƒë·ªÉ l√†m con m·∫π g√¨ nh·ªâ???","0","1583764880"
"002fc9270d457e6c65bc62ead512acfd","1583764923","team d√πng bug thi·ªÅn v√† reset ƒë√≤n ƒë√°nh b·∫±ng thi·ªÅn ko th√≠ch ƒëi·ªÅu n√†y :)))","-1","1583764923"
"002fc9270d457e6c65bc62ead512acfd","1583764973","l≈© ch√≥ djt garena n√†y","-1","1583764973"
"002fc9270d457e6c65bc62ead512acfd","1583765103","Ai cho mih xin acc ng·ªçc r·ªìng online vs, ai cho mih xin c·∫£m ∆°n r·∫•t nhi·ªÅu ·∫°, ai k cho ƒë·ª´ng ch·ª≠i mih ·∫°, mih b·ªã m·∫•t njk","0","1583765103"
"002fc9270d457e6c65bc62ead512acfd","1583765482","Yi 1tr3 tt mua ko ta","-1","1583765482"
"002fc9270d457e6c65bc62ead512acfd","1583765535","Game l√† ƒë·ªÉ gi·∫£i tr√≠ tu·∫ßn ƒëi l√†m 6 ng√†y c√≥ m·ªói ng√†y ch·ªß nh·∫≠t th∆∞ gi·∫£n t√Ω m√† l·∫°i th·∫ßn v·ªõi h·ªèa","-1","1583765535"
"002fc9270d457e6c65bc62ead512acfd","1583765654","B·∫≠t R ƒë·ªãnh lao v√†o ch√©m team b·∫°n v√† th·∫•y tk Fidd b√™n kia","0","1583765654"
"002fc9270d457e6c65bc62ead512acfd","1583765670","ƒë√¢y ƒë√¢y... üòÅüòÅ","0","1583765670"
"002fc9270d457e6c65bc62ead512acfd","1583765675","Ko c√≥ ti·ªÅn ad","-1","1583765675"
"002fc9270d457e6c65bc62ead512acfd","1583765706","Ad l√†m v·ªÅ fiora ƒëi , t·ªëc ƒë·ªô ph√° 4 ƒëi·ªÉm y·∫øu , ƒë·ª° chi√™u b·∫±ng w","-1","1583765706"
"002fc9270d457e6c65bc62ead512acfd","1583765985","Nguy·ªÖn Th√†nh Th√°i ƒë·∫•y nh√© B∆∞ c√≤m :3","1","1583765985"
"002fc9270d457e6c65bc62ead512acfd","1583766197","Nguy·ªÖn Long Vi·ªát Long cbi 1 dan choi xuat hien","0","1583766197"
"002fc9270d457e6c65bc62ead512acfd","1583766213","S∆∞·ª£t qua? N√™n d·ªãch th√†nh ""Tr∆∞·ª£t t·ªìi, l√™u l√™u!"" ƒê·∫£m b·∫£o team kia ƒë·ªìng lo·∫°t ƒëi mua m√°y m·ªõi... :v","-1","1583766213"
"002fc9270d457e6c65bc62ead512acfd","1583766360","Nguy·ªÖn Minh ƒê·∫°t m√†y c·ªông cho a m·∫•y con t∆∞·ªõng hay ch∆°i ƒëi e h√¥m n√†o a test th·ªÉ l·ª±c üôÇ","1","1583766360"
"002fc9270d457e6c65bc62ead512acfd","1583766365","Sao AI c·ªßa game n√≥ bi·∫øt l√† d√πng Q n√© skill ta","-1","1583766365"
"002fc9270d457e6c65bc62ead512acfd","1583766370","Con l·∫°y m·∫•y b·ªë tr√°nh xa con ƒë√≥ ra gi√πm con","-1","1583766370"
"002fc9270d457e6c65bc62ead512acfd","1583766608","Tao m√† th·∫•y yasuo l√† tao c·∫ßm b·ªç c√†o v√†o camp ch·∫øt lu√¥n ch·ª© c√†y :))‚Üí_‚Üí","0","1583766608"
"002fc9270d457e6c65bc62ead512acfd","1583766741","üî• Chi ti·∫øt v·ªÅ Th·∫ßn H·ªèa: http://bit.ly/ThanHoa
üî• C√¢u h·ªèi th∆∞·ªùng g·∫∑p: http://bit.ly/ThanHoaFAQ
üî• Tra c·ª©u Th·∫ßn Ho·∫£: https://thanhoa.lienminh.garena.vn/tra-cuu/","-1","1583766741"
"002fc9270d457e6c65bc62ead512acfd","1583767162","Li√™n Minh Huy·ªÅn Tho·∫°i cho e h·ªèi v√≠ d·ª• h m√¨nh mua full b·ªô r·ªìi l√∫c ra t∆∞·ªõng m·ªõi c√≥ ph·∫£i mua n·ªØa ko hay l√† c√≥ lu√¥n ·∫°","-1","1583767162"
"002fc9270d457e6c65bc62ead512acfd","1583767305",":)) ƒë√£ t·∫Øt cmn th·∫ßn ho·∫£ ƒëi, nh√¨n ch·∫£ ra g√¨ c√≤n c·ª© hi·ªán l√™n r·ªëi m·∫Øt vl","-1","1583767305"
"002fc9270d457e6c65bc62ead512acfd","1583767883","Mua c√°i n√†y c√≥ ƒë√°ng k nh·ªÉ","1","1583767883"
"002fc9270d457e6c65bc62ead512acfd","1583767964","Ph·∫£i c√≥ Th·∫ßn Ho·∫£ ‚ÄúI was in Alpha‚Äù s·ªë l·∫ßn ch·∫øt trong Alpha m·ªõi hay :v","-1","1583767964"
"002fc9270d457e6c65bc62ead512acfd","1583768209","r·ªìi m·ª•c Clash ƒë√¢u ·∫°","-1","1583768209"
"002fc9270d457e6c65bc62ead512acfd","1583768210","Thresh ƒëi ad ∆°i :>","1","1583768210"
"002fc9270d457e6c65bc62ead512acfd","1583768221","Li√™n Minh Huy·ªÅn Tho·∫°i ∆°n ·∫°","1","1583768221"
"002fc9270d457e6c65bc62ead512acfd","1583768415","Nguy·ªÖn Xu√¢n Ki√™n s·∫Ω c√≥ lu√¥n c√°c t∆∞·ªõng m·ªõi sau n√†y nh√© üòâ b·∫£o h√†nh v√† c·∫≠p nh·∫≠t tr·ªçn ƒë·ªùi","1","1583768415"
"002fc9270d457e6c65bc62ead512acfd","1583768430","Ho√†ng H·∫£i","1","1583768430"
"002fc9270d457e6c65bc62ead512acfd","1583769244","Th·∫ßn ho·∫£ c·ªßa lux kh√≥ qu√° m·∫•y m√° ∆°i, to√†n m≈© ph√π thu·ª∑ m√† n√≥ k√™u ch·∫∑n st b·∫±ng W n√® ü§¶‚Äç‚ôÄÔ∏è","0","1583769244"
"002fc9270d457e6c65bc62ead512acfd","1583769512","ƒë√°nh m√°y c√≥ t√≠nh k z :))","-1","1583769512"
"002fc9270d457e6c65bc62ead512acfd","1583769978","T·ªëi c·ªï qu√° ch·∫£ hi·ªÉu mn n√≥i g√¨ lu√¥n @@ ho·∫£ th·∫ßn g√¨ ·∫•y","-1","1583769978"
